index,variant,atypicality-group-ratio-own_group_k_15,atypicality-group-ratio-own_group_k_15_std,atypicality-group-ratio_k_15,atypicality-group-ratio_k_15_std,atypicality-individual_diversity_content-own_group_k_15,atypicality-individual_diversity_content-own_group_k_15_std,atypicality-individual_diversity_content_k_15,atypicality-individual_diversity_content_k_15_std,atypicality-individual_diversity_political-own_group_k_15,atypicality-individual_diversity_political-own_group_k_15_std,atypicality-individual_diversity_political_k_15,atypicality-individual_diversity_political_k_15_std,clustering-coefficient_k_15,clustering-coefficient_k_15_std,community-coverage-political_k_15,community-coverage-political_k_15_std,community-coverage-structural_k_15,community-coverage-structural_k_15_std,expected-popularity-complement_k_15,expected-popularity-complement_k_15_std,group-ratio-same_k_15,group-ratio-same_k_15_std,individual-diversity-community_political_k_15,individual-diversity-community_political_k_15_std,individual-diversity-community_structural_k_15,individual-diversity-community_structural_k_15_std,individual-diversity-content_k_15,individual-diversity-content_k_15_std,individual-novelty-community_political_k_15,individual-novelty-community_political_k_15_std,individual-novelty-community_structural_k_15,individual-novelty-community_structural_k_15_std,individual-novelty-content_k_15,individual-novelty-content_k_15_std,inflated_diversity-group_ratio_k_15,inflated_diversity-group_ratio_k_15_std,inflated_diversity-individual_diversity_content_k_15,inflated_diversity-individual_diversity_content_k_15_std,metric-ratio-difference_ground-group-ratio_k_15,metric-ratio-difference_ground-group-ratio_k_15_std,metric-ratio-difference_ground-individual-diversity-content_k_15,metric-ratio-difference_ground-individual-diversity-content_k_15_std,metric-ratio-difference_ground-individual-diversity-political_k_15,metric-ratio-difference_ground-individual-diversity-political_k_15_std,metric-ratio-difference_train-group-ratio_k_15,metric-ratio-difference_train-group-ratio_k_15_std,metric-ratio-difference_train-individual-diversity-content_k_15,metric-ratio-difference_train-individual-diversity-content_k_15_std,metric-ratio-difference_train-individual-diversity-political_k_15,metric-ratio-difference_train-individual-diversity-political_k_15_std,calibration-group_ratio_k_15,calibration-group_ratio_k_15_std,calibration-individual_diversity_content_k_15,calibration-individual_diversity_content_k_15_std,calibration-individual_diversity_political_k_15,calibration-individual_diversity_political_k_15_std,ndcg-k-user_k_15,ndcg-k-user_k_15_std,popularity-bias_k_15,popularity-bias_k_15_std,precision-k-user_k_15,precision-k-user_k_15_std
ground_truth_0,all,0.11985592707731488,0.12799963615941035,0.14693373773785084,0.13470468835982924,0.17883229479784174,0.1766538933335607,0.18180991038255412,0.17996471222163096,0.20354389157464015,0.18280083267012556,0.20496725302135432,0.18451835256825147,0.09720617110910121,0.06525401196034468,0.8250157927984839,0.24314804140934332,0.02294600720894847,0.013294903840896303,0.9528299790013398,0.027558885640063827,0.5599537362073993,0.3928046505455779,0.19029434395279082,0.2611573916449031,0.3429787425398518,0.23885781518601756,0.2116422346619982,0.24785624323793068,0.14252113853259843,0.06465611561681876,0.2588283024434668,0.061547008614913114,0.1848007119083048,0.042853461081465004,0.07052871358335247,0.2468940564773695,0.26854055158821705,0.32679272102703855,0.0,0.0,0.0,0.0,0.0,0.0,-0.001330657346788886,0.40394513767905715,0.6068492744708056,1.6362355886324642,1.1838325818099267,3.182057596121993,2.424017023515376,5.947653551780229,0.2624214384415133,1.2769104834066305,0.2302854459320929,1.8014187819477194,0.9470864032150034,0.22393600952785775,0.3992779340958773,0.2622803449998097,1.0,0.0
ground_truth_0,group_0,0.12410531168588858,0.12330917629836215,0.1454963930599793,0.13202707467224778,0.20578153658918444,0.1748515576964604,0.20306722131445493,0.1843757106994273,0.23157637478705995,0.1824740623558007,0.22993881449527634,0.18724463854431816,0.09633064782717593,0.06224557252694981,0.7922354948805461,0.2508045857334886,0.023194388676972818,0.013437830464863312,0.9516444330471019,0.026917824954273323,0.649625622446787,0.39371905388203104,0.18425742067209605,0.2717045023225404,0.35659758108703205,0.24685424092441088,0.21721372781413184,0.2586621028414791,0.12455674364767251,0.057376450501492635,0.2638980155402812,0.05971761469971047,0.18417058213482726,0.04440907645008005,0.061422257033858785,0.24780855758456274,0.3133092600940762,0.3361986187298635,0.0,0.0,0.0,0.0,0.0,0.0,-0.021659437211650017,0.2528411210632163,0.6605079494448587,1.7011316876147407,1.3915343461371015,3.4831665504857914,2.346419995935419,5.691747094654776,0.3067296084689603,1.384266622321558,0.2652911579000836,1.9972878167911923,0.9399454049135578,0.2376961307395959,0.4197815616844945,0.27163306551504734,1.0,0.0
ground_truth_0,group_1,0.10750002413853763,0.140148823855659,0.15111309380120116,0.14225367578654566,0.10047219174301172,0.15761731072475438,0.12000019090364077,0.1504213550380384,0.12203405577237227,0.15774046275554315,0.1323576358125686,0.15512212735885392,0.09975192342116114,0.0733095581698493,0.9184914841849149,0.1913970762079777,0.02223772720767148,0.012868321825910961,0.956210659921941,0.029079428047966864,0.2992154823728741,0.2468958537207959,0.20784785933819522,0.2270624762664307,0.30414351437125065,0.20989808426981937,0.19544204688117806,0.21275036257729055,0.19374807479812947,0.05634480010616653,0.24437160232311225,0.06440416318887356,0.18659757831831805,0.0380633689544524,0.09649651668799172,0.2426936568601471,0.14087893025277512,0.2591849203462817,0.0,0.0,0.0,0.0,0.0,0.0,0.0567799036327654,0.6656892399607967,0.4538371891433332,1.4260143445280378,0.5915540713684465,1.9857367219727935,2.6452912724781883,6.625838383767662,0.13607308011507016,0.8926888444259791,0.1304638049917402,1.0556782158959832,0.9670050761421319,0.17885034321126725,0.34081016880668097,0.22375918753411697,1.0,0.0
obamacare_test_recommendations_VAE-30000_0,all,0.07106197192817419,0.07850669486346101,0.07656961949530738,0.07735797587281676,0.15631348298011982,0.1708749685383056,0.15767103168038993,0.16792420682035966,0.1720432353410769,0.2037381563102246,0.17860190523341968,0.19799005287434268,0.1558080575759626,0.0865889973598004,0.9355653821857233,0.1675805163066467,0.025059455241351832,0.005847087495797183,0.8949684258293478,0.02961009936321294,0.5385498687664002,0.39974432050336395,0.08727133554996065,0.061808053116783765,0.22145771402222977,0.04325732979974365,0.13202603996179954,0.07599801158297738,0.12454324104506011,0.04393793416609673,0.2388719384142294,0.036778983818163136,0.17561151203181025,0.028452374546949193,0.0419213612770666,0.22508736856592634,0.16992184796629745,0.2745172169491507,-0.07675118199580745,0.4225568970582519,157551.40643888176,1962108.5276347625,-0.004180073154200068,2.9945761920344087,-0.09993110217869962,0.33568716387521585,-0.021913650840739672,0.1883230491840901,-0.0674724249235179,0.42175497184946736,0.7496071672991604,2.4833199781819295,0.4749494905876252,1.728481936768473,0.5232044962455044,2.881894274759253,0.37458537965006,0.3198000607904894,0.8787955359022915,0.2502624176042549,0.126089703095388,0.16772367252252926
obamacare_test_recommendations_VAE-30000_0,group_0,0.06613746725818107,0.07467534048176518,0.07895978574612363,0.0790822617478121,0.17522196890890807,0.1797189240253211,0.17132129485599007,0.17763420613398653,0.18423229957267934,0.21687385349876148,0.17975678433666215,0.20414670145901964,0.15512517472205378,0.08264705265726623,0.9249146757679181,0.17869555680497862,0.025452971290905946,0.005616677843014239,0.893459304530342,0.029007464649061343,0.672839506172833,0.37256861674135455,0.0796983002520053,0.05690022095633107,0.22273048098913037,0.04140881922138423,0.13052187123926973,0.07584790998677071,0.10863654492455396,0.0329192304237763,0.24202357047746342,0.035658121247308855,0.17456346815497423,0.028132946363058572,-0.012585606235059438,0.20980640050426835,0.1940629574031529,0.29209264939904916,0.06002874613867229,0.31721615189764873,181325.55041320348,2149202.5692186453,0.08887866803870359,3.465091951772894,0.019235228565790092,0.15351326697571943,-0.023921966150610856,0.1871366860988017,-0.014896622295942845,0.44930845667839087,0.5873544967909615,1.5939395724297682,0.5914194180658899,1.9444115239169262,0.48552889969044793,2.709691688407715,0.3631565585894544,0.3186791108897881,0.8923208191126241,0.24109886698895272,0.12224118316268483,0.16768609901941384
obamacare_test_recommendations_VAE-30000_0,group_1,0.08538091627630588,0.08722250875540333,0.06961975147370404,0.0717315475281923,0.10133342389487437,0.12711095499720407,0.1179802664467222,0.1279176437533332,0.136601187036879,0.15431272561369816,0.17524387214860918,0.17903183974451098,0.15779367079732787,0.09720607676161229,0.9659367396593674,0.12613498726665334,0.023937312151137865,0.006333314458109295,0.8992718082196943,0.03089843960788517,0.14807692307692344,0.12612388548982134,0.10929139203170757,0.06979156757280555,0.21782831527476604,0.04800960683545818,0.1363996997857705,0.07633757880994642,0.1699024815638761,0.03960087375908434,0.22988480270106687,0.038451611891945625,0.17860009457111,0.02917263605281683,0.19735242191991773,0.19250426681066335,0.10108150670110382,0.20170478316972562,-0.5062551870994069,0.42463826240960423,89757.49710091346,1286903.839481425,-0.2689869322840069,0.4815885913140379,-0.440572418355631,0.45946208473253586,-0.016186776039841862,0.1917807648239989,-0.2173966114916883,0.2816534904481997,1.2122838822276532,4.030999134186077,0.14282599909242635,0.7618746055083637,0.6306395307042088,3.3256636328079376,0.40646424854753477,0.32116630922961653,0.8402270884022722,0.27134823936091074,0.13706407137064106,0.16754930174003468
obamacare_test_recommendations_content-in-emb_0,all,0.11543820265178953,0.11114955378298479,0.13633873375278827,0.1313309098080026,0.16265082344152415,0.1964774605361972,0.16039979209852176,0.19313796258737612,0.20996262812757507,0.226881137740614,0.20504165473784092,0.21324692998267514,0.10582737644115582,0.07364090483230717,0.8038534428300695,0.29784995883237025,0.018640147151722766,0.009764380877828372,0.9162398220106699,0.22844701994165126,0.5523293963254574,0.406393510144561,0.08509496372314614,0.07614033154188,0.20213614262832588,0.08662706303725133,0.11642606988085492,0.07894981850699442,0.12181567499924141,0.061694099406697546,0.23329776149785433,0.07978982873614969,0.16649067641903562,0.0525942497912826,0.05144888092772048,0.22543691872036245,0.2169002218540764,0.30154362944671637,0.07384385373721382,0.5208754997290386,106301.8369744489,1423158.6101052728,-0.03874155868805922,1.6866843073365727,0.05728546459568888,0.41648040866828573,-0.0797359612399347,0.21924158768314056,-0.05168791281525054,0.5185075285375994,1.1125375494915846,2.4978612098854986,0.13484338045001631,0.7354908066248439,0.1705047538286661,1.2698570104518678,0.16668868428969721,0.27258837167761296,0.19764160875973735,0.23442954196450846,0.0436302379448307,0.09519995594604728
obamacare_test_recommendations_content-in-emb_0,group_0,0.11002139686051235,0.10492718089420738,0.13328990410045133,0.12175207563704454,0.19724603542332966,0.2085891075347324,0.19222668768077542,0.20580066285657508,0.24772184315618806,0.24268435521868936,0.2376351957197358,0.22723948664380755,0.10496516271795643,0.07002567940424516,0.7666382252559727,0.29862416452373164,0.018852890985746138,0.009819033529670179,0.9188409132999964,0.2199756514290291,0.6343474426807734,0.40812993311434703,0.07292578576733837,0.06467889268322619,0.20106183215987875,0.08350936242056912,0.11478912535408164,0.07760713492014654,0.10422440164789173,0.04777749719457512,0.23517214745821718,0.07665979784963911,0.1658625790500906,0.05051334862080477,0.0348092153247855,0.23507096712169329,0.2723540051849911,0.31951426876547534,0.04649735824754521,0.32683358685568464,129099.68674402105,1577621.7459060496,-0.010162965231171883,1.9330356637927164,0.007604939067582493,0.18503143182363996,-0.08680669585533533,0.21961937665429754,-0.03933678143310914,0.5665412383068821,1.2164296597543058,2.082898544817126,0.144797443002707,0.7448814909915822,0.19411120683529476,1.470936667646937,0.1644635104650001,0.27367980228411476,0.22104664391353762,0.24608282221564926,0.04328782707622318,0.09785379711260862
obamacare_test_recommendations_content-in-emb_0,group_1,0.13118860718335182,0.12632638743137292,0.14520379228035565,0.155669760946987,0.06205859167904404,0.103776321715802,0.0678569726362772,0.10552374944786964,0.10017044904437791,0.11721262163321913,0.11026966634433158,0.12459383069513871,0.10833442865168966,0.08328922816213163,0.9099756690997567,0.2690049403694083,0.018033490768570266,0.009592733263709005,0.9088225981880714,0.25117812538807405,0.31384615384615394,0.2911610055557471,0.12047918885618769,0.0939231573310985,0.20519962649455337,0.09499903482310665,0.12118580088947276,0.0826230406134758,0.17197862479919676,0.06898978510319263,0.2279527971534635,0.08798790782836269,0.16828174726186704,0.05814940491712841,0.09889824366893694,0.1876862400244859,0.05876923873039745,0.15942784195666573,0.15971485468416782,0.8830626828426785,41291.9101376152,837119.1446054948,-0.12006446801023131,0.5490123268306092,0.19929906439798353,0.7383673775186306,-0.059573185159035626,0.21716384520712229,-0.08690817067381425,0.3449195740626123,0.8162807289857262,3.4006895133298323,0.10645855974015368,0.7081458713898995,0.1031890289533164,0.19049426991466648,0.17289545087178346,0.26976890895663985,0.13090024330900268,0.18184398908348456,0.04460665044606646,0.08729587522330261
obamacare_test_recommendations_content-own-emb_0,all,0.09857602514516624,0.10006402722541875,0.10553210564627132,0.10922550642777076,0.14780352208726627,0.14671316512343324,0.1511030723862016,0.1402955255284397,0.15222036227714347,0.1677772342539946,0.15176419256859344,0.16515307980948293,0.13534553387256296,0.0756375786322204,0.9570435881238155,0.14016191646473458,0.02171974285608174,0.006508853893321782,0.9657288535652548,0.011129511850466787,0.5276902887139082,0.34757195027180937,0.08155484266961886,0.05717430132485665,0.20833247782352607,0.061991654497671855,0.05209791638742106,0.0336478983337384,0.1266554201375448,0.04016215576506161,0.24957291089945421,0.049707334185717975,0.15753080674310105,0.029427326334574396,-0.09297468978119944,0.2373968604267806,0.08584124660338603,0.25400683533025736,0.00046482734900423324,0.5522742228112022,51409.122202408216,705293.5786690123,-0.053933727319882406,1.7430022203008864,-0.01166200127824051,0.4181679914260373,-0.6138849701935245,0.1224211684076163,-0.08843363936732176,0.529774881069632,0.48849553542820884,1.9600603769396339,0.1763235275252232,0.7763660425684664,0.2055353614747131,1.2863650542867267,0.06809821014680778,0.1934856243103521,0.30680143188039294,0.2017292396735297,0.012339439882080418,0.0398327787719508
obamacare_test_recommendations_content-own-emb_0,group_0,0.09710202001703744,0.09618054093409725,0.09847179095739585,0.09995199510711937,0.1727128068254754,0.15480874437426953,0.1610340484005671,0.15219812890936452,0.16794120058250162,0.18114489200921122,0.15980105042676257,0.17606004811901507,0.13450494217040157,0.07232822758645398,0.9449658703071673,0.15655421335943298,0.0216071070066256,0.006676918165995998,0.9654200686121462,0.011320514578376678,0.5918871252204556,0.3517130390178321,0.0773514754009597,0.05611337665384136,0.20597079538744914,0.06158931481019553,0.05237552746623554,0.03397845871796981,0.11353614722623719,0.03176493314605926,0.24958365353036766,0.0471660196328396,0.1572254001286832,0.02881222281770205,-0.1434614213449592,0.23998279502831263,0.10425630278832759,0.2808995748525481,-0.06963312353767424,0.31808042098042744,56757.147371908126,739954.2500648329,0.05707162759319878,2.000549320358416,-0.10373691707314057,0.21987072607765282,-0.6078560280996425,0.1252931002487348,-0.003681411996791852,0.5788820885848093,0.48104482678731836,1.4662855226947966,0.20438770906755221,0.8150688813561097,0.21677108120080324,1.3531336234525464,0.06968637554700595,0.19632688137931625,0.3102957906712156,0.20170115241368503,0.012912400455062556,0.04228205511832406
obamacare_test_recommendations_content-own-emb_0,group_1,0.10286197851772558,0.11057196409378675,0.1260613283570001,0.13051136228103752,0.0753749864638574,0.0859998447946781,0.12222684982135636,0.09199050631386997,0.10650900166617909,0.10867597051870276,0.12839548279638058,0.1255301663536577,0.1377897158988472,0.0845555104304952,0.9914841849148418,0.06477342588201258,0.022040933161585854,0.0059999627133116955,0.9666093790276433,0.010529548003012546,0.3410256410256414,0.25630272929426695,0.09377694134310487,0.0585147429658525,0.21506700778722973,0.0627131543082594,0.051290708789022005,0.032686430149754614,0.16406609617660273,0.03803959430498429,0.24954227741178855,0.05639126229567864,0.15840169859735345,0.031134670556120025,0.050992340371419496,0.15781552872410032,0.0333292129081273,0.140918350621266,0.22058009620469962,0.9397054066290638,36158.792521985146,596042.0809292784,-0.3698092593151942,0.40302465482120753,0.25153751411596126,0.6661802388877228,-0.6310769899843499,0.11221152538961682,-0.3301115237426533,0.21625899450915884,0.5097418384139119,2.946636347631544,0.09629622638748722,0.6477863955035055,0.17349579086892825,1.0742602868819804,0.06366827670818419,0.18550153786833146,0.2968369829683699,0.20172225445046263,0.010705596107055966,0.03181952151804016
obamacare_test_recommendations_graphrec_0,all,0.05484881681571124,0.05673470297695641,0.054848434129811496,0.05673522476830518,0.02000713060176417,0.023584835801729064,0.02001760504783242,0.02359404515276699,0.055654182181630464,0.05800367535511406,0.055667554844042094,0.058014570052881305,0.08237777760155508,0.057693498809631934,1.0,0.0,0.06168945784251809,0.009181204550943225,0.9883983539578298,0.0065199096737507695,0.3887795275590557,0.23415105582925727,0.15007798532675995,0.08750943786649977,0.4658603521904231,0.042795880335118115,0.2808362505075679,0.1514670493091808,0.18295239640678437,0.03042789153799858,0.4120339531707415,0.05448733528541496,0.3272616577720333,0.04203837811417655,-0.2603703494782197,0.20497184495758872,-0.0243307251852617,0.12199838219873782,-0.20815603728457432,0.5577263954795478,293368.1680883008,3551192.152439233,0.8243599858146414,4.515903811195696,-0.20295576212710367,0.4709001024714956,1.1087089226004112,0.3981818486814366,0.7219686808173469,0.8107148127044193,0.28089812467605896,0.2516164205740447,0.03497007927226143,0.12840936252107885,0.0985264159712127,0.18830282131740914,0.004200940138126819,0.037309279572229986,0.06877237313118584,0.05605419287353788,0.0009265108443882922,0.008496175721233791
obamacare_test_recommendations_graphrec_0,group_0,0.054343210551577315,0.05668400703627412,0.054341839795566116,0.05668502653062654,0.019303956769331228,0.022699444093197237,0.019322806677347103,0.022713701256310545,0.05547918047133992,0.058595925265609396,0.05549696069075218,0.05866836309419839,0.08243780461840634,0.05548262621090656,1.0,0.0,0.06174713912868928,0.009313499600245056,0.9885316735896141,0.006397156884453748,0.40167548500881906,0.2407005302676094,0.14917645055660406,0.0876445420091914,0.4657986028861291,0.0426954312799332,0.27935597785446065,0.15240623210410156,0.17980189048238568,0.03017008218509977,0.4139827104327014,0.05087700032932676,0.3260558885730689,0.04168390322057636,-0.34346343501695953,0.16549678375783325,-0.0330666970189734,0.13903679114829542,-0.36302106956649055,0.25932515202255296,333560.2401829776,3837450.3280670107,1.0924744886924387,5.204279264386374,-0.38795321928127885,0.16988690045359767,1.1138528418694813,0.3775613454574808,0.9208496856542903,0.7819072301957657,0.3508554170958987,0.24834365861266064,0.043021484984173075,0.14582833065452405,0.11677482949816897,0.20994792987874353,0.004144658813716051,0.038033169827213394,0.06740614334471046,0.055543986720043785,0.0008532423208191125,0.007987089990718952
obamacare_test_recommendations_graphrec_0,group_1,0.05631896426065416,0.05691096762689824,0.056321454578615954,0.05690994688258024,0.022051743745300046,0.025903557568740725,0.022037864925089686,0.02590256478506294,0.056163033308475226,0.05629842353352828,0.056163590151300305,0.05612259737224496,0.08220323750640258,0.06374471601393489,1.0,0.0,0.061524974953485016,0.008802005628193221,0.9880181821611125,0.006851704705814798,0.3512820512820521,0.20972518116504138,0.15269937104305997,0.08714648244628498,0.4660364353647098,0.04313280926094917,0.28514042791429445,0.1487637178363044,0.1919363208432689,0.029384589499584224,0.4064769129979556,0.06340946434408605,0.3307000069233372,0.042898603430371045,-0.023423643270426214,0.08869579778734263,0.0005806105546656557,0.03710545534170951,0.27813718221605976,0.875380422517556,178757.19851418515,2565759.7315746555,0.06141651071384881,0.7644371277685603,0.32586623734775766,0.6293878082975334,1.0940406175314368,0.45202977685167844,0.15484328502927358,0.5953292505349526,0.08140920322580941,0.11939805032491273,0.012010839626615588,0.04660540799519981,0.046489577397994544,0.08519398610447353,0.004357927893272592,0.035257803690688164,0.07266828872668271,0.057374262168869095,0.0011354420113544202,0.009811656465077787
obamacare_test_recommendations_implicit-both_0,all,0.11568854584543345,0.10496984666297263,0.15353121887383409,0.12897589936255008,0.19737675440469438,0.2063247499590833,0.18336868723642624,0.19842336685843276,0.2417085489007851,0.25055499827326716,0.22745758319661,0.2152963761590322,0.12779129958132346,0.08950919631719005,0.8553379658875553,0.22679595660949947,0.02060960202147874,0.007255872427200691,0.935571689511133,0.0266992270628958,0.6041666666666641,0.39195102834654505,0.0716514359627452,0.057839774334934126,0.1770816533311562,0.05640127652194007,0.11199012704006425,0.06483507439365624,0.11383273818316134,0.04665423416463158,0.2165075827363717,0.0404667044572188,0.16442922668852566,0.025015570078345012,0.06184525925491632,0.17448101926668994,0.26280120266252655,0.3099332899981008,0.11885515284328371,0.5076084715733187,134423.53308819365,1642952.80863154,-0.2743112276365128,1.1928137257412825,0.0906049967392705,0.3585104159805865,-0.1733755014059398,0.14347377511265563,-0.288399021442257,0.283938369883546,0.9170178257057663,2.033135793940936,0.4617097446822865,1.7684382771442397,0.18005791431402549,0.9894400658121953,0.3638675590895327,0.3427484705104565,0.5668982943777622,0.27084656496298976,0.127858496525584,0.18831823155816801
obamacare_test_recommendations_implicit-both_0,group_0,0.1129768178438686,0.10084174671895316,0.1614447084721168,0.12648773917906098,0.242093937058788,0.2173915740662503,0.22771158706083813,0.20764974205897418,0.28552519765135653,0.2695799902154636,0.26452987154559937,0.22896340194679599,0.12670929495286695,0.08428808407968935,0.8063139931740614,0.24367888539872437,0.021832965268018867,0.00699872100422579,0.9334880457884662,0.02619012105627349,0.6887125220458494,0.3938592396072953,0.05813565556289394,0.04541177979245352,0.18252158438347627,0.05507349915501925,0.11056976203024622,0.06436954372719975,0.09548845269812872,0.03379161121287993,0.22196261788375773,0.039557831537709115,0.16386313524534063,0.024131093876705735,0.0686877063915372,0.18698495730203246,0.3444669538159246,0.3162019642378447,0.07700396607023993,0.3209591576788035,152671.9828199894,1771798.6812055255,-0.27841623324059,1.3550561362644888,0.031698550929958776,0.14560683555297235,-0.17509325344828705,0.14443960828614585,-0.31154960153136924,0.29722713571989057,1.1283340149469636,1.7827562921142928,0.5918093101272336,1.9986097082692673,0.20739091747258862,1.1408348085307916,0.3463808027128654,0.3360053207469917,0.6089306029579059,0.26973729144377445,0.1197383390216156,0.18173826150175662
obamacare_test_recommendations_implicit-both_0,group_1,0.12357341649613923,0.11588664838467622,0.13052122604190397,0.133433428830713,0.0673529463797134,0.07896638146960215,0.0544331785162123,0.07845523901967713,0.11430321637989398,0.11060068929808954,0.11966277553570155,0.11453754734260205,0.1309374361163737,0.10322705452390332,0.9951338199513382,0.049145568738105966,0.01712108200944618,0.0068386974580652675,0.9415133694210255,0.027270703532624202,0.35833333333333334,0.26111555223815813,0.11095116666385103,0.070768259797772,0.16156924653475915,0.05732181419936594,0.11612011145322754,0.06605932394884437,0.16614296345921506,0.037845606834516356,0.20095210538178243,0.03900836550669251,0.16604348258004079,0.027348284661788708,0.04233346352713131,0.13074235848798457,0.029924656794441624,0.10795583035156141,0.25027247834215444,0.8497515479499749,82386.59127392489,1202328.9993430546,-0.2626300719837334,0.49794881264180496,0.2589912271990597,0.6306878902069784,-0.1684771914457672,0.14074171801991592,-0.222383255348731,0.22991157080068247,0.3144324880155404,2.5260360087630302,0.09072022959353236,0.6871841296019016,0.10211562793486323,0.22809448084695866,0.4126440698965312,0.3568229228695246,0.4470397404703975,0.2362162696748884,0.15101378751013822,0.2043985812725786
obamacare_test_recommendations_implicit-out_0,all,0.09138522793666605,0.08686353850228984,0.12063578825078788,0.10594036761552501,0.18923785024898965,0.2084973421358997,0.19307713940346832,0.2001389311719701,0.20732081488775356,0.23999559622639724,0.21861190406383527,0.22316291918538161,0.10983302217726566,0.07798528802999574,0.8859759949463045,0.20985315901554602,0.022095983055256802,0.007029686009458911,0.9324262211057077,0.02899488473776856,0.5954068241469782,0.390365827322967,0.07975679001850175,0.06183692330122214,0.20208606214847197,0.0510346887472791,0.11851077807454712,0.06748012285212761,0.11685735808289092,0.04655598902020432,0.2237800160367924,0.040020800646281884,0.16461336259857848,0.02484133613666922,0.045925897726812714,0.1725143830126009,0.23831743431671737,0.31210606025574644,0.08773819894367828,0.4583077468359884,134673.19615475152,1651475.6297088712,-0.14401712470411354,1.9216226421897256,0.05090661205860589,0.25728793722244236,-0.12517736499690582,0.131234224334053,-0.19437222950160352,0.30272135404634964,0.7301560539673526,1.527467073968485,0.6621971817943881,2.1873577306206236,0.20196289064649883,1.1351630962930612,0.4097772154026635,0.34443214350683704,0.5526637186776151,0.2625895136812106,0.139271425563276,0.19035930520775485
obamacare_test_recommendations_implicit-out_0,group_0,0.09241676190290582,0.0874713067517323,0.11491951239576308,0.09935805865877288,0.23616011076468382,0.21980235318745173,0.2308566276651948,0.21556337167251877,0.24913461283093483,0.2606366537566638,0.24213061707077088,0.2437025396131661,0.10836219030009649,0.07363624116551601,0.8476962457337884,0.2302187350776863,0.023175567155190174,0.006688625561368136,0.9291195509343773,0.02880962232147439,0.6930776014109288,0.38779716278316695,0.06587955022254688,0.048430814317333856,0.20748479793018654,0.04911910196409854,0.11741272817183038,0.06699121028349467,0.09884960746650281,0.03247281850473534,0.22921941078626434,0.03884211126547043,0.1639019589864408,0.02364849519435458,0.050090958607144305,0.1888027695822809,0.3143831383071242,0.3254971544513558,0.08756469845424401,0.308911809587981,155563.37512016782,1809991.5890355813,-0.12393772440400361,2.208927483126105,0.04276371318875056,0.12577398049856076,-0.12420409036195999,0.12867722135768525,-0.20252111381774243,0.32781965281284725,0.9430245658811418,1.6673886448963633,0.8788323972306661,2.495910170638343,0.24531250616940287,1.3143650049442268,0.3981027252862788,0.3460558322999944,0.5981228668941981,0.25857397821023614,0.13304891922639345,0.18865214929518273
obamacare_test_recommendations_implicit-out_0,group_1,0.08838584455790467,0.08508363137062465,0.13725695958308953,0.12168499428086257,0.05280235428797108,0.06628382188642562,0.08322601199629542,0.07222543197913554,0.08573915625296373,0.08786265034182258,0.1502267231667479,0.12523125369587856,0.11410974871241904,0.08937884448521682,0.9951338199513382,0.049145568738105966,0.019017460998998228,0.007075874782094196,0.9418554606210354,0.027440061007217197,0.31141025641025655,0.22337722912768476,0.12010753342520189,0.0770881307956661,0.1866911270239721,0.05327237258846017,0.12170356933013862,0.0688478151063792,0.16820792675054813,0.042204729500201696,0.20826913855167947,0.03931042477298925,0.16664198798404067,0.027896659129246906,0.03404888713861668,0.11328675536853054,0.021409879385435412,0.09776872911651176,0.08828300954648964,0.7557894997165853,75103.14810738429,1078000.3397763416,-0.20115482996986692,0.5612180213286116,0.07418338638902135,0.458107020938749,-0.1279527369486251,0.13839127339979468,-0.1711350216706671,0.21432087207215966,0.12314414164871608,0.7504639618923163,0.04444420736295745,0.3903115810530691,0.07834792862011677,0.1316647569678515,0.4423413388491271,0.33816973843156684,0.423033252230333,0.22879297212730204,0.15701540957015445,0.19428518844809792
obamacare_test_recommendations_neuMF_0,all,0.055084048302341926,0.05771216066837128,0.07158944816650169,0.06951360754860308,0.11731599725088596,0.18115819579078507,0.11680217467259141,0.18303902374859915,0.08846122089675422,0.13239018915335155,0.11190276148850764,0.1337748381368789,0.13955520899236276,0.08380675166117098,0.9807327858496525,0.09627168010190032,0.02026587640741759,0.005810444905837251,0.8422247360113347,0.050945799447172736,0.5615485564304418,0.3795875505222884,0.06041702369781843,0.04412977965239552,0.16382454706687774,0.043768786667154225,0.11201828288638628,0.065021959712299,0.1060759551834063,0.04147558411555089,0.205992063736292,0.03750396451739558,0.16121355380969138,0.025552105571394368,-0.01918804189576135,0.11752375427292153,0.1680779061160347,0.29898316395528807,0.0018142281351813607,0.3755686476502109,104934.96694681857,1320023.321606428,-0.3497042874746277,1.3753629379473336,-0.03012628369624946,0.19029324171464998,-0.17789368664362817,0.1239292995606984,-0.3895839777298115,0.1720543623667924,0.09478710929728512,0.40374142584002537,1.6231642131412383,3.2276453029826375,0.2011110565638642,0.423872300899785,0.1555902775696347,0.2222437481465476,0.8642240471678243,0.2752917971802063,0.04931564539903156,0.09734169601615209
obamacare_test_recommendations_neuMF_0,group_0,0.05639603199175452,0.059097067100207346,0.07107755673425659,0.06711004176655112,0.14926276766696853,0.19965762945397883,0.1494430209156484,0.20150281064991435,0.09931761363603415,0.1488722295082317,0.09854596013670551,0.14138543932562958,0.13694422624991814,0.07980097804473787,0.9739761092150171,0.11110911744182163,0.020747590845212178,0.005716316939972842,0.838096612605939,0.05028427180288367,0.6730158730158655,0.3698318580762567,0.05056318772262627,0.034591089084034396,0.17340760713241218,0.042449082397409445,0.1086411706474391,0.06331595433453356,0.08978852961180826,0.02855456112468634,0.2130493377107223,0.03605602484611787,0.15914042451421043,0.024257006006251497,-0.04402546126290405,0.1174634862832005,0.2267751460458983,0.32691593253779383,0.05828428914656476,0.2976729438772777,118521.85759980013,1420409.2102797355,-0.33113739696862354,1.5789110820568035,0.015037896071784499,0.09162373940656529,-0.19415751235574294,0.11701146035426668,-0.39131677182702396,0.1866477893494074,0.11307600873749847,0.4666272562703598,2.189009108625738,3.5831602016719737,0.25451075581025095,0.4746700085156549,0.14696854289913203,0.2175085318082548,0.8854379977246866,0.26451653751601856,0.04647326507394791,0.09422996857668413
obamacare_test_recommendations_neuMF_0,group_1,0.051269203420819774,0.05335301023147817,0.07307787094641349,0.07612171526995422,0.024424618656430818,0.02743290497473206,0.02189263713508728,0.027708573323914115,0.05689417123946321,0.05217961891730434,0.15074023003451625,0.09900702659913578,0.14714714342808577,0.09416758857693551,1.0,0.0,0.01889222842421647,0.005864096070129602,0.8539964163790349,0.05104354830384811,0.23743589743589766,0.15556557732367304,0.08906894676414592,0.05506295254659662,0.13649767018900377,0.03513201542096672,0.12183788616578659,0.06887376260182237,0.15252087676470216,0.03725702741268711,0.1858676717702742,0.03414430328324551,0.16712525097344702,0.028132259203004266,0.051637883890835234,0.08422587728856311,0.0006979421311194172,0.04174261882053598,-0.17550796894177317,0.5146400826118501,66190.84080255007,979267.2850706277,-0.4025380126645065,0.4226168449460823,-0.1592297439112149,0.30559398594657894,-0.13151606198523824,0.13131716103834382,-0.3846427741241354,0.12120664799156697,0.04263482184246749,0.05828251570094462,0.009611372489576947,0.048594728251795685,0.04883746163256276,0.1354530958693326,0.17963922783075828,0.23355524921014575,0.803730738037308,0.2960208169523365,0.05742092457420918,0.10541413441534311
obamacare_test_recommendations_oracle-content-novelty-borda_0,all,0.0067725196589624274,0.01869335564199504,0.006978574326196069,0.018868761774845647,0.026328634846853414,0.047953859984181106,0.027729339472044395,0.04801718811772694,0.03265504680315114,0.04939193572181747,0.034738820615953174,0.04890610495185815,0.14479515077204408,0.07548716628015502,0.9993682880606444,0.01776671926849516,0.05866560142692787,0.0010978903991609,0.987905710055643,0.0004739563980556543,0.44589895013123776,0.33477714729028557,0.09091502713590151,0.04864086833032171,0.3861142892490119,0.004941262461186846,0.23445175170541135,0.12501980944276428,0.14931657328226836,0.04851644085960571,0.37012996050911046,0.059034202238430866,0.2724750562478838,0.06292352979325093,-0.019835332600545402,0.21133618906984697,-0.013853267812113558,0.13273574899338153,-0.23698034826010833,0.3529300306677714,246099.36273606075,2988333.6098564044,0.10140238696388759,2.716471232989381,-0.2662343330199626,0.2576284510283809,0.7614672858632416,0.315547019128086,0.04204877196677221,0.4326644591608044,0.12126799174096645,0.8747268603921863,0.04310918869826457,0.11571471212466199,0.07202038829477096,0.15639905295188364,0.006129128249050943,0.04770598752261593,0.06662455253737574,0.0016755920205582437,0.0012213097494209305,0.008943130129364592
obamacare_test_recommendations_oracle-content-novelty-borda_0,group_0,0.004357510673050038,0.014435650632666112,0.005199573600720837,0.014077607241533296,0.01797888183547076,0.03916723867398491,0.023088684503604757,0.037340624163162556,0.02327260603627742,0.040473601293427953,0.030315300366521657,0.038230719355987576,0.14256884214389373,0.07341290968431327,1.0,0.0,0.05862904035334438,0.0012189219402060371,0.9878648040849783,0.0004149472996174537,0.5660493827160553,0.305229901312044,0.09035887059683478,0.04889893873275618,0.3864611519810966,0.004603131016163908,0.23292423784357613,0.1255978000492437,0.1297909579214157,0.03491142248896174,0.35764708617686514,0.057178042883758655,0.26986123450657495,0.061242788213466036,-0.1076252000173677,0.16450253169891188,-0.027347506386173153,0.14413861542135134,-0.104637670800825,0.2716267989856805,282582.0771051375,3257225.658439644,0.2649647977468386,3.1323825637465625,-0.13774249195819868,0.12827073842297218,0.7637713791197311,0.29752491629148237,0.1630825802394209,0.4056881538900679,0.04618027106634175,0.05200226936272125,0.04633659179722458,0.12893132589357276,0.07123282959060191,0.16271648297324479,0.006354968674615753,0.05063498695729865,0.06660978384527931,0.001947354126123281,0.0011945392491467576,0.00884736198890403
obamacare_test_recommendations_oracle-content-novelty-borda_0,group_1,0.013794622710307104,0.02635104434470801,0.012151361051038326,0.027932947175762054,0.050607147449180434,0.061147067691813196,0.04122293622643027,0.06868869403341495,0.0599362976483705,0.06144447720482424,0.0476010564181436,0.06987033818499319,0.15126857124466428,0.08094481115766494,0.9975669099756691,0.03483644398053495,0.05876985830828663,0.0006266700817029787,0.9880223567651847,0.0005971363118549051,0.09653846153846143,0.05479359896819708,0.09253215922641601,0.04789244293207764,0.38512518189622236,0.0056893192440720134,0.2388932920113569,0.123336046119414,0.20499545698766858,0.03746797015998667,0.4057258941280701,0.04892890008291718,0.27992858199195614,0.0670063475899257,0.23050462996032056,0.10094950154309641,0.024626653377175643,0.08148466853900328,-0.6525508986336243,0.23733580833061066,142065.92906073743,2034892.609344857,-0.3640288848964239,0.4131007469909394,-0.6335329616160281,0.1640381906513524,0.7548969761391419,0.36236846654399585,-0.303088997608761,0.30159873077217864,0.33538674753332665,1.697807078040272,0.033905985700743435,0.06381997259414766,0.07426617613244973,0.136951198383291,0.005499182493478043,0.03842339070279211,0.06666666666666649,1.8063112121938984e-16,0.0012976480129764801,0.009221326899824044
obamacare_test_recommendations_popularity_0,all,0.05925599944481719,0.06272848979021096,0.06047808345234482,0.06345356332525987,0.20805971655360808,0.2034770817766313,0.20833406640097532,0.20495750601793566,0.17373031367506575,0.24272248223722895,0.17385723744733522,0.2423407128479129,0.17852996173441357,0.08268139210640632,0.9080859128237524,0.1937332029599296,0.02508732488573518,0.004578780440002643,0.8420572262459173,0.029289989071325583,0.529494750656164,0.43072607116724637,0.05414253109552723,0.036405014270599854,0.19861105425537215,0.023019564675849084,0.11950970873834459,0.06463652656071141,0.11940410211454927,0.04427444160277322,0.2777274257484054,0.08191600435212365,0.2056397497682947,0.09338278901321764,0.11566818831788485,0.30185289798305326,0.2625338620142499,0.32859087420504346,-0.12008741084480645,0.5053763011796616,124095.97143400721,1516671.7340928733,-0.30965886996599595,2.052239499022515,-0.16035119824173458,0.42059582601599815,-0.103727216445238,0.15804746266715156,-0.36386132816199,0.3607639970529842,2.1964262603195444,5.242663876880763,1.1149000591919556,2.651512164494668,0.30085356188007,0.39387714973359667,0.3687205546878582,0.3476363562228363,1.0,0.0,0.11699305116866665,0.17175870364103266
obamacare_test_recommendations_popularity_0,group_0,0.05549923192319918,0.05954603058441602,0.055648210187022144,0.05823315383649062,0.18769913988411552,0.18936265862375087,0.1853399447386287,0.18814460647000372,0.1507020441375353,0.21481159597885088,0.15110897481659738,0.21549892561492281,0.17698565996423024,0.08094048886629024,0.9334470989761092,0.16991702832828648,0.025641186508733656,0.004913079197073577,0.8441462197176166,0.029716858418540774,0.6933862433862361,0.3783893828209281,0.056639732490651566,0.03777550369965705,0.20085244696449875,0.022263597076452115,0.11954857426646003,0.06547515562891762,0.10223826430280217,0.03079086069256332,0.2745500109690136,0.07946141673936746,0.2034143559069837,0.09028381537751748,0.007754537540857163,0.25455991891781476,0.21119853889416434,0.32041613674433334,0.09766284047586377,0.35293901349137397,144619.7326604883,1672304.6696461646,-0.1811212551250397,2.367243915515904,0.05854084189867667,0.19060163060438545,-0.09645720666478527,0.15170496487544405,-0.2651898385899487,0.35361455701678796,0.9072745016809844,2.559990572096482,0.9929036427479397,2.526922088984345,0.28237491955132776,0.396025510026456,0.36445739144908534,0.3484520559696878,1.0,0.0,0.11808873720136512,0.1767458074680597
obamacare_test_recommendations_popularity_0,group_1,0.07017952346921556,0.07010482785495702,0.07452186879305021,0.07495334483218057,0.2672620087156703,0.2300130386428442,0.27519389708071823,0.23518311377317663,0.24068943586880898,0.3002820840386346,0.24000218571209375,0.2978749677528757,0.18302031611233024,0.08747306623971252,0.8357664233576643,0.23511405419416162,0.02350794332331474,0.0029285168804133836,0.8361002910906169,0.02720312360873347,0.05294871794871782,0.05815862026173594,0.04688143780816602,0.03099848489619226,0.19221954025270302,0.02395104442218988,0.11939669974120999,0.06219516088321325,0.1683538877967088,0.040144297264712005,0.28678808297820363,0.08801582755509452,0.21198564175237541,0.1015515489640199,0.4233927593900906,0.19565250882523644,0.4089207201571671,0.30720303038091185,-0.80384712859076,0.2227453959664033,65570.79343538082,940083.4487116393,-0.6754239945501883,0.27013750301372735,-0.7860621032284706,0.22367962276391976,-0.12445824190190559,0.17340449759430968,-0.6452311232433359,0.19458264404383394,5.872547576923908,8.308962225582965,1.462782784428904,2.9540657041699627,0.35354691664718935,0.3832901959575408,0.380611966869106,0.3455135099010031,1.0,0.0,0.11386861313868628,0.15683051468915576
obamacare_test_recommendations_random-381_0,all,0.059445848837832486,0.06112518768074788,0.059514376281600806,0.06110519017362379,0.05730860789231288,0.0679261727792713,0.057307909434121417,0.06792548426387598,0.08152071787265876,0.09226682847994606,0.08153520976529009,0.09227179818889307,0.08808730192073948,0.061161509757258176,0.9968414403032217,0.03962695198138693,0.03786555683549571,0.008204228733452664,0.9788138375929009,0.0057963993640324325,0.4680774278215213,0.3184090122020577,0.13005033295432578,0.080351920912392,0.36784078476787024,0.05053865771472357,0.20710450436767663,0.11720229495396636,0.16012294245525116,0.03762270044461152,0.3489102815996254,0.07131879310044877,0.25697505252607206,0.07144939806244886,-0.16203484807211915,0.2368249816246383,0.007051977829539611,0.14115253940456043,-0.14121832169322776,0.42457278320559333,221732.62306297274,2716735.862837753,0.6101185366114693,4.54835214145354,-0.16022161258760764,0.2957479043383104,0.5565329824033601,0.39406276404557916,0.4909884180803976,0.7460466735589332,0.2050690568860806,1.088120638935274,0.08790616192042562,0.49183734401636725,0.14077513323891147,0.732008259711575,0.03228849293097709,0.12327470204292049,0.14773636555064093,0.09275045923611427,0.00568540745420088,0.021299742432413612
obamacare_test_recommendations_random-381_0,group_0,0.05883784864720891,0.060329433584069767,0.05872864399054261,0.060380934184105825,0.056316146969587456,0.06702543661255332,0.056320734601030306,0.06703002606054048,0.08114426870543055,0.09219892421044731,0.08119717882275261,0.09228061859970746,0.088673768405999,0.05842602683777534,0.9974402730375427,0.035698720564862375,0.03805711704477061,0.008175902461630222,0.9788922754010477,0.005775641795792133,0.5535714285714279,0.31532497923640285,0.12986624233666832,0.08084054663969845,0.3675062191189933,0.05023957383793772,0.206497808456661,0.11812961805240423,0.1506552862982788,0.03393111470396096,0.34657309835602335,0.06847906941584499,0.2548701963119081,0.0695397079324307,-0.24763270841999135,0.1999396092598993,-0.0019260950350054665,0.1535294348766148,-0.12313545663564092,0.3141112361915945,255167.7725005846,2959082.7393382536,0.8539268873366673,5.247272320689071,-0.15652053257999932,0.1861736069541354,0.5642397309025138,0.38023548134887536,0.6682267037470929,0.7282300634513378,0.1703694289817354,0.32241879103638593,0.09864032728822554,0.5162426802572441,0.15804414255830537,0.8459459548004806,0.030416924245932713,0.12077188326950711,0.14658703071672313,0.09311996936197363,0.005290102389078497,0.020582678955727393
obamacare_test_recommendations_random-381_0,group_1,0.061213726315183174,0.06340865210783438,0.06179904402021745,0.06316781540954734,0.0601943788830064,0.07046655558379201,0.060178310102647736,0.07045209266793592,0.08261531622044545,0.09254417961590812,0.08251809973666842,0.09232794539199486,0.08638203783283123,0.06853041042306043,0.9951338199513382,0.04914556873810597,0.03731930728495787,0.00827011016810654,0.9785901657896231,0.005856492993216583,0.2194871794871799,0.1551118333519656,0.1305856118272075,0.07898846794487446,0.3687948259855945,0.0514318893104241,0.2088685894012452,0.11455701865341034,0.18712073568145965,0.03444505518379732,0.3555749501190956,0.07856506734839812,0.26297722158446535,0.07640471682038197,0.08205442766439197,0.14685322677872553,0.03265368439218393,0.09310358673677262,-0.19800050510207778,0.6581777545874747,126389.56919221646,1859499.071776854,-0.08365963787861574,0.757162609506716,-0.17080128519472176,0.48858741885926316,0.5345565608923933,0.4308003312320677,-0.014420999927793826,0.5358218866913531,0.30401787417049064,2.0635826781158273,0.05729681444825631,0.4134708776106337,0.09153114559334093,0.14271039206838443,0.037508934516925774,0.13001817182670034,0.1510137875101383,0.0917220059075603,0.006812652068126524,0.02321293658502938
obamacare_test_recommendations_topology-neighbour-in_0,all,0.08782489466439214,0.09383558118147561,0.10652062216651195,0.1067192638104297,0.18565788609613226,0.20553888148978283,0.18737090575018892,0.1996866565587374,0.20379827985989457,0.25193698210986704,0.2183717282902485,0.23675684686117718,0.11928509412329365,0.07702237376294359,0.8436512950094757,0.2760495378632575,0.020753595184125975,0.007936601714260996,0.8595216901637667,0.1919723086808083,0.5585099939430608,0.41252484816965307,0.06821374507614231,0.07341361007966908,0.17905679605694305,0.0764435142311121,0.11539236460277652,0.08084551378033039,0.10846845813084116,0.05196410906865708,0.2127305824005213,0.06159793437554079,0.16211686594548436,0.04355040268972856,0.06844150622840002,0.20051964676651893,0.23999276776220177,0.31777080693720255,0.03726801839744806,0.43459043847680523,111466.85958461679,1449519.3191882418,-0.24531704648765823,1.2669115536155862,0.018213331859831677,0.34993721384553844,-0.09715430181658144,0.2813369054676665,-0.2548738056702873,0.4855743414724244,1.0251726109127581,2.6686291748118007,0.6811910150532288,2.1627237600912603,0.23227569012924545,1.117835389053049,0.36788958322259135,0.3401314938693581,0.7164419615619845,0.3557151628990985,0.1265840041898154,0.18684681614810736
obamacare_test_recommendations_topology-neighbour-in_0,group_0,0.08428175241498126,0.0871985092978733,0.10212489742871848,0.09623417343045339,0.22419817409807974,0.21602363923720883,0.21940363550223066,0.21246771069812376,0.23654849305692777,0.275661037750205,0.2314907398247656,0.25723098445356823,0.11794251586129693,0.07307252663624532,0.8148464163822525,0.28154398077863413,0.021456534832363337,0.007621606600049366,0.8578984289239965,0.18487584820312292,0.6672127255460526,0.40576470814317434,0.05511647680850188,0.05555675180592957,0.18278565944342623,0.06862008802663215,0.11174325972410813,0.0726451884557835,0.09046747298587553,0.03514804591778817,0.218484015333586,0.06019595599932515,0.1609918460224549,0.04195281757980421,0.055259985623612555,0.20600685700745797,0.30029499005426175,0.3334248051337418,0.0877402925643874,0.3079002853857329,136025.26865114132,1609084.0408019712,-0.25148739667843384,1.4129650520467558,0.04853313218962822,0.15140414134542554,-0.11802849252495473,0.19869900649513522,-0.2751936543675938,0.47302907863645055,1.083473255535326,2.116643088535306,0.8442823157900586,2.397721444026642,0.25362470098035683,1.0560956830362367,0.3585548002098034,0.34433465928207263,0.7574704803160419,0.34450904515301706,0.1210127330007876,0.1848441955443909
obamacare_test_recommendations_topology-neighbour-in_0,group_1,0.09812726212806079,0.11035071246284883,0.11930203717332644,0.1318572033396104,0.07359458713662588,0.11202583052255691,0.09422958385578913,0.11372704541692288,0.10857073687159888,0.12224214709013145,0.1802256793668067,0.15734350240793382,0.12318889860817654,0.0874606561210439,0.9257907542579076,0.2418758903928462,0.018749105481608765,0.008467589783171723,0.8641505518985853,0.2110740873348926,0.24243589743589763,0.2282322630803438,0.10629657126974303,0.10075713883228274,0.16842363817626663,0.09458407136948475,0.12600283878844348,0.10030683153641681,0.15979973450529347,0.05764643170031751,0.1963241994381083,0.06266415462219917,0.16532495195470737,0.04772282232913409,0.1060296866391319,0.1789472426252295,0.06803606575175211,0.17909258696497585,-0.12122046889049601,0.6723935034174098,41436.554411948426,840051.1806012904,-0.22775877057714158,0.7021663147720517,-0.0684569266438792,0.6305249067573993,-0.03762984558735192,0.43341104617630344,-0.19693010086920779,0.5159058188785851,0.858923570772492,3.826961699836244,0.2161228776722916,1.1554523054082448,0.17139724556111277,1.277076694300319,0.39392746781917254,0.3271431120465743,0.5994457961611249,0.36155183757493814,0.14247093809137634,0.19178399383173597
obamacare_test_recommendations_topology-neighbour-out_0,all,0.16855313537347438,0.1274388764679145,0.2473542821682442,0.18355632932516006,0.25230321259671085,0.21150777851843217,0.23865251767997686,0.20182475547837306,0.3282781451125487,0.2500007928534679,0.26167359628096254,0.20755712143180843,0.1460972030917871,0.08870110412997151,0.6961465571699305,0.24420786310795345,0.015017093381888868,0.006409730289672697,0.9487811877163866,0.011916928008052144,0.673818897637794,0.41228631280999195,0.033211839646603916,0.03034559586551758,0.08217263397741456,0.03925483641681389,0.07223806627287514,0.04253181716406853,0.10248149628982453,0.04675985577907085,0.18981886843946394,0.03378448700679127,0.16638945656788376,0.022848472659162494,0.20385289792024053,0.2311597737365672,0.4341220649953247,0.31721871792455886,0.34408327073226924,0.8469368437375789,75731.98658664776,984394.77241611,-0.6423295007618135,1.1090470668579022,0.32785493022483586,0.6482870315721343,-0.46263494748025213,0.11980254339173459,-0.6726370600847547,0.18675011580333548,3.733200224238761,6.65586359321438,0.14701273926625297,0.8316987318624275,0.10329324519630248,0.29184404195436503,0.038982877962550365,0.14142004018567242,0.83175405348494,0.29187076312255134,0.0069488313329121865,0.026912146689154735
obamacare_test_recommendations_topology-neighbour-out_0,group_0,0.1663337826988122,0.12537449525970637,0.2218377986635343,0.15546207251356026,0.258158245922114,0.20637969139072365,0.24693732533606008,0.1955952159649942,0.34805155180729397,0.2529967520023807,0.27633625078396523,0.20857867532352706,0.14303362701229969,0.08440178145531209,0.6497440273037542,0.22911466482917717,0.01665704677775581,0.005964327892550182,0.9475142030672641,0.011773396280049999,0.6868606701940028,0.41821623950922776,0.02807814493441228,0.02860956030971927,0.09423304946368731,0.033558836085337114,0.07508827002771136,0.04408203605801563,0.08282855068234038,0.032374390046651276,0.1945983992936476,0.03209880414939258,0.16618587522607578,0.02192868255073135,0.15933770922489054,0.17879443088596275,0.46984370626519795,0.3083603900031545,0.059231936107803966,0.3498148670825469,86907.69020075568,1078444.898853128,-0.6349762445644198,1.2789504735380726,0.017506625602240825,0.22524270149854234,-0.4369257543907574,0.11404101966428606,-0.6804806640193996,0.19920296884127703,2.1407143131144486,2.734152815118318,0.05771920155706594,0.4710610369817281,0.05678718462254796,0.2029926164488938,0.0368132948682415,0.13875249680524315,0.8435722411831572,0.28348176784522994,0.006143344709897611,0.024492013804175813
obamacare_test_recommendations_topology-neighbour-out_0,group_1,0.17500633007365154,0.13317408983009615,0.3215483649742515,0.2325400915959847,0.23527857723516143,0.2251009161636935,0.21456284618766305,0.21734332964385578,0.2707831625693648,0.2319103299799845,0.21903910857222766,0.1986901752151204,0.1550051396921417,0.09971415123329214,0.8284671532846716,0.2376559016245933,0.010340632603406317,0.00522642681161818,0.9523940977133998,0.011592995784690875,0.6358974358974364,0.39247067772913136,0.048139044271284,0.030340941962723935,0.047781376191741276,0.03358317637469304,0.06395055073958174,0.0364561163985462,0.15852347257199317,0.034506669966394656,0.1761896466362932,0.03478304134939147,0.16696998535766278,0.025308096346201316,0.3307915868519923,0.3050588852802317,0.3322588932963177,0.3203926459542233,1.2385477637975515,1.2382140357229836,43863.556816004166,644910.0967011414,-0.6632538400882252,0.27574820367385006,1.2149969131947915,0.6437315518058465,-0.5359468070931199,0.10468304110386353,-0.6502703841445998,0.14337465548427195,8.274303600972814,11.0300934282268,0.4016405402277302,1.3955244051295184,0.23590906756233734,0.432599384612378,0.04503458309109209,0.14862273244148275,0.7980535279805367,0.3124802369475234,0.009245742092457427,0.032774980627488376
obamacare_test_recommendations_topology-neighbour_0,all,0.1496126556585082,0.1406368544113367,0.20008123447698364,0.17936927043671577,0.24866445309198582,0.22546527272698463,0.24118676550535356,0.21779707267984172,0.3026815516441858,0.2906429950928853,0.2944037884621159,0.2571230447708524,0.13119296043817297,0.07827090804352098,0.7820593809222994,0.2480142200795926,0.016991193192375322,0.006790121634620367,0.9184670326351851,0.04457178344387199,0.6551181102362182,0.4076005925650155,0.03863738562882417,0.03258581517925735,0.10669258268316333,0.05592826842171545,0.0835990469867831,0.05197692738738085,0.10364766457189396,0.04530623880879688,0.19741977824921844,0.03481780286080529,0.16505321546813426,0.02266951084179665,0.15574202288936864,0.24292404007780163,0.3848026253970875,0.3454039927132698,0.2790171731255297,0.7992655655276766,73413.05833126135,945873.7962716919,-0.5735196089818185,1.1107123322228762,0.2601031640878692,0.5866147769439299,-0.3760501338738303,0.1893286811513196,-0.5966131735722713,0.2446549295350014,3.0738446103322143,6.372538547298596,0.8204170135877101,2.351751442673327,0.1943252382250565,0.43984999018033677,0.19041958001019169,0.3037952830961883,0.8668772373131164,0.29324455714805026,0.056980416929880096,0.13505611033328555
obamacare_test_recommendations_topology-neighbour_0,group_0,0.12465273095982195,0.11514128074974302,0.1650581331801505,0.1280991770908993,0.2728969771135179,0.22749510288986174,0.26393101595544755,0.22264966477213846,0.3407846318077121,0.3092896839955436,0.3206202569479802,0.2754261577854422,0.12836066227374643,0.07453564290696985,0.7559726962457338,0.25003533674477973,0.018570568159004555,0.006116280040516935,0.913808106463477,0.04534568352463459,0.692107583774246,0.40529188973297264,0.03298225121177934,0.02847414138723007,0.119854308160828,0.05010136716555824,0.0864477785085964,0.05300903645824271,0.08440279582846796,0.029259632984779762,0.20308233713126278,0.032608809416316616,0.16452535510544058,0.02140241191871588,0.11125879063522577,0.20002160743582395,0.41994792137429754,0.3469111099392317,0.07469571069026745,0.3267624055262782,83803.06414448831,1031333.457045542,-0.5573357759210512,1.2778754264654928,0.034515068357604796,0.20023360190147457,-0.348861975688278,0.18271827218612197,-0.59376438942713,0.26706538367818,1.6933816636986592,2.7719286222413526,0.9448424237811688,2.551964799190253,0.19013182679353025,0.4539900252121705,0.20239336726006082,0.3113835609505228,0.8798634812286655,0.28498214236047764,0.06086461888509693,0.1406897849433826
obamacare_test_recommendations_topology-neighbour_0,group_1,0.22218843670545776,0.17807332188631317,0.30191763670931876,0.25330971501117,0.17820372939860543,0.20388898714432288,0.17505348342738924,0.18818975421213904,0.1918895185533294,0.18851834275949994,0.2181743647109024,0.17331244706745572,0.13942841202396758,0.08779832472963787,0.8564476885644768,0.22648110686994308,0.012487476742521864,0.006602573377232735,0.9317523403559732,0.039417833354373114,0.5475641025641027,0.39540613787123335,0.05508077647223142,0.03782499821616529,0.0691608496908931,0.05470752029938709,0.07531581225412678,0.047947398449056204,0.15852597641446065,0.03738167161831148,0.18127253005029922,0.03588328514003034,0.16655845231746896,0.02591499256508157,0.2825895854242974,0.3027305990923888,0.28458294927715727,0.3209603231998389,0.9206090180802121,1.33048746768514,43785.109880891396,642706.6658320258,-0.6195721339415022,0.30956777129953733,0.9049549889558464,0.80791375234712,-0.45357938300635536,0.1865972937052869,-0.6047367137623094,0.16480071626683515,7.010347222143711,10.666109476487044,0.4656078146905525,1.6030241142731576,0.20628309272079687,0.39704945139816916,0.15702061506702844,0.27922185994795307,0.82984590429846,0.31303437223732966,0.045904298459042946,0.11696877275540851
obamacare_test_recommendations_triadic_popularity_0,all,0.06820628420508139,0.07341925748074003,0.0699699601934182,0.07525701430188218,0.17484842085694424,0.17731201527655657,0.17579752354321704,0.17570840919376898,0.16339985065735582,0.21515083432582532,0.16676895166698968,0.21143710347749614,0.12381414252137411,0.07502057199501362,0.9330385344283006,0.17033855751965443,0.02692207647430496,0.0066462257902316045,0.8746893560619042,0.03842309316651261,0.54337270341207,0.41186494809568075,0.062292575350521774,0.04479750195856166,0.19926880549191076,0.04530098606347159,0.12399220432866855,0.07103311529560498,0.1130281833591977,0.044010008807715384,0.23250359565005047,0.03778139451570699,0.17412630578301141,0.026979692658562673,0.06930176180837991,0.2360554902105394,0.19410382957406866,0.2929161395933205,-0.06869386564497201,0.4509929865448829,151345.69025760447,1881998.6289560257,-0.28831656252065957,1.7060510106084883,-0.0982052718446749,0.3609708326721299,-0.08282231072863722,0.15473772037430583,-0.3238962722953685,0.3197291161321524,0.8966356192061516,2.744604704082476,0.5761971590263695,1.8736561064532027,0.35871420874229265,1.7318980634156629,0.3892490637926868,0.3308857380894663,0.9020004211412925,0.27002897515306384,0.12314171404506158,0.16235903518318445
obamacare_test_recommendations_triadic_popularity_0,group_0,0.06379040089463124,0.07200444809459125,0.0714693460595714,0.07682694926523242,0.18729506505130783,0.1863310473390154,0.18477894769816508,0.184377452607113,0.17475743332872853,0.230193036433093,0.17394488006733064,0.22228606031143391,0.12263790977472253,0.07134615825618269,0.9210750853242321,0.18237789193743323,0.027052800642441824,0.006422421664134536,0.8738493090280521,0.03762187295592833,0.6865961199294469,0.37845840192552843,0.05777582321610207,0.040836932399887865,0.19933109163424234,0.044121950328529835,0.123550484447162,0.0713350303612914,0.09580190972474664,0.029172700119299802,0.2329306562812196,0.03664198695183795,0.17386215143476672,0.026084971757234565,0.010208841462655398,0.21876169685732733,0.21236066415678928,0.3119309317114988,0.08466475233517576,0.3342910856007558,166769.41232507036,1982907.139810457,-0.21481716519613445,1.9658529287331468,0.04134159447099428,0.16196930341431007,-0.07724284346490197,0.15308833395167049,-0.27556463415693944,0.3340755850214918,0.7417661831008822,1.9247092708011082,0.6426123307074607,1.990295216728559,0.38683493762746946,1.8560148773027687,0.3727703549602165,0.32940970839274947,0.9099544937428897,0.2621802320230667,0.11729237770193404,0.1611250270553794
obamacare_test_recommendations_triadic_popularity_0,group_1,0.08104631413854387,0.07601174146491335,0.06561020744414199,0.07038333108885014,0.138657409276411,0.14208466525751848,0.14968230561575313,0.14465988629083015,0.13037549488982333,0.1593971360344873,0.1459035598567668,0.17466049204795617,0.1272342654308679,0.08478766634456131,0.9671532846715328,0.12402369308523957,0.02654930585372838,0.007241924613637579,0.8770848186499179,0.04057319251570817,0.1269230769230772,0.11532877459117948,0.0754259007875266,0.052591395759023725,0.19909119148020157,0.04856200583112758,0.12527658983027976,0.07020017518837818,0.16215030671583133,0.04213942017286778,0.23128579745119493,0.04087909363912467,0.17487956343785951,0.0294026007759377,0.23781004075044596,0.19969113491121493,0.14204297767395066,0.22246642282266477,-0.5502567786980186,0.4308955910449362,107363.68961753111,1560145.8508991133,-0.49746558284853504,0.3735979631047951,-0.4971050945811729,0.4617966170698534,-0.09873261640527357,0.1584598635337946,-0.46171787788719154,0.22353508630715763,1.3382584394382075,4.268641415359421,0.38680888357566434,1.477625400624728,0.27852565824733744,1.313850086490385,0.4352137871604156,0.33107315520017044,0.8793187347931876,0.2903917003355315,0.13982157339821602,0.16488830270259228
